MH15TC554,
21BH0001AA,
KL31D777,
WBQ6F5977,
0D02AT8301,
DL11CK0001,
HR696969,
TN07BU5427,
""
MH20CS1941,
TS09EB1458,
DL3CAY9324,
TN74AH141,
TN74F889,
DL12CG6648,
MH03BS7778,
KL01KLKL01,
GJ05JD9759,
TN07BV5200,
MH20887597,
KA21M5519,
MH12DE1433,
HR26BR9044,
KL16J3636,
MH06AW8929,
MH46Z8892,
MH14EH7958,
TN02TC0148,
MH14TCF460,
""
MH20EE7601,
MH20EE7598,
MH20TC640B,
TN37CR4019,
KA51AA3469,
KL07BF50,
MH04EE2299,
MH02BK9793,
TN38MG6162,
MH02BM5048,
HR26DK6475,
DL10CG4693,
MH04DW8351,
""
MH02AJ344,
MH15BD8877,
KL06H5834,
KL05AK3300,
GJ01MW7581,
TN38BY4191,
TN53U1580,
KL01AU585,
KA29Z99,
DL3CAY2231,
DL6CAB123X,
MH20BY4465,
RJ45CG8893,
RJ44CA5682,
RJ45CL4097,
RJ14CY5251,
RJ45CQ3586,
RJ45CN1428,
RJ27CF740,
""
RJ14CE8303,
RJ14CL5486,
RJ01CB7236,
RJ45CN2934,
HR35J2160,
RJ45CU0611,
RJ14AC0877,
RJ45CJ5888,
RJ45CU5747,
RJ14UL4748,
""
RJ29CA5938,
RJ10CA5546,
RJ44CA2231,
RJ45CL4748,
RJ46CM6888,
RJ45CU3690,
RJ14UG8714,
RJ23CH0055,
RJ45CH2582,
RJ45CJ0910,
RJ14CW7295,
""
RJ14VC4705,
RJ14UH9149,
RJ14CU4226,
RJ45CK4748,
RJ45CH4583,
RJ45CJ9969,
RJ14LC6763,
RJ31CF7171,
RJ45CN93,
RJ45CK7827,
RJ45CQ1702,
GJ01HX6515,
RJ14CF9928,
RJ14ZC7289,
RJ14CY6039,
RJ14CG9094,
RJ14VC0628,
""
""
RJ14XC6909,
RJ01CB7236,
RJ45CN2934,
HR35J2160,
RJ45CU0611,
RJ14CT9165,
RJ45CJ5888,
RJ45CV3753,
RJ14QC9780,
RJ14NC3966,
RJ45CU9366,
RJ45CV2733,
RJ31CA9891,
RJ45CJ2575,
RJ06UB6992,
RJ14CW2974,
RJ14CJ6981,
RJ14UF3370,
MP04CZ4536,
RJ02CC3751,
RJ14CK8761,
RJ14UG6680,
RJ14CN691,
RJ14CF3202,
RJ14CF6174,
RJ45CE6928,
RJ14CQ9643,
KA03MU6952,
RJ148C8504,
""
RJ45CJ4172,
PJ14CG0855,
RJ45CE9024,
RJ14UE5266,
RJ14CD7282,
RJ1A9CQ6O7,
RJ14CF4576,
RJ45CH7751,
RJ45CE2359,
RJ14NC3420,
RJ14QC9911,
RJ45CM6548,
RJ14CZ5978,
RJ14CQ5169,
RJ14CJ3055,
RJ14CQ4157,
RJ45CT1218,
RJ14CE4882,
RJ45CP3789,
RJ05CA6259,
RJ19CJ8458,
RJ29CA72,
""
RJ14CJ5487,
RJ14NCA341,
RJ14CQ8687,
RJ14CZ3037,
RJ14WC7911,
